Matriz,Build,Threads,Static_Time,Static_GBps,Guided_Time,Guided_GBps,Balanced_Time,Balanced_GBps,Checksum_OK
bcsstk14.mtx,build_spmv_parallel,1,4.83242e-05,16.5046,4.56449e-05,17.4734,2.93222e-05,27.2003,YES
bcsstk14.mtx,build_spmv_parallel,2,2.71333e-05,29.3946,1.58779e-05,50.2316,1.66289e-05,47.9629,YES
bcsstk14.mtx,build_spmv_parallel,4,1.86957e-05,42.6607,1.51958e-05,52.4863,1.68614e-05,47.3017,YES
bcsstk14.mtx,build_spmv_parallel,8,1.34728e-05,59.1986,1.35193e-05,58.9952,2.31866e-05,34.398,YES
bcsstk14.mtx,build_spmv_parallel,12,3.31434e-05,24.0643,1.34911e-05,59.1184,1.39385e-05,57.221,YES
bcsstk14.mtx,build_spmv_parallel,16,3.71325e-05,21.4791,4.37478e-05,18.2311,4.19907e-05,18.994,YES
bcsstk14.mtx,build_spmv_parallel,20,5.60684e-05,14.225,7.92679e-05,10.0617,2.15276e-05,37.0488,YES
bcsstk14.mtx,build_spmv_parallel,24,8.58562e-05,9.28962,9.78862e-05,8.14795,4.49282e-05,17.7522,YES
bcsstk18.mtx,build_spmv_parallel,1,0.000103101,19.6704,0.000100965,20.0865,0.00010103,20.0737,YES
bcsstk18.mtx,build_spmv_parallel,2,8.59429e-05,23.5976,4.96726e-05,40.8283,5.40982e-05,37.4882,YES
bcsstk18.mtx,build_spmv_parallel,4,5.07664e-05,39.9485,2.93824e-05,69.0224,2.69274e-05,75.3152,YES
bcsstk18.mtx,build_spmv_parallel,8,2.99536e-05,67.7063,2.46507e-05,82.2711,2.85119e-05,71.1296,YES
bcsstk18.mtx,build_spmv_parallel,12,3.01028e-05,67.3707,2.45551e-05,82.5915,3.1619e-05,64.14,YES
bcsstk18.mtx,build_spmv_parallel,16,3.39156e-05,59.7968,4.1916e-05,48.3835,3.4522e-05,58.7464,YES
bcsstk18.mtx,build_spmv_parallel,20,6.99265e-05,29.0025,7.6176e-05,26.6231,8.67238e-05,23.3851,YES
bcsstk18.mtx,build_spmv_parallel,24,3.92744e-05,51.6378,7.56405e-05,26.8116,7.14721e-05,28.3753,YES
G3_circuit.mtx,build_spmv_parallel,1,0.00602642,20.5162,0.00556004,22.2372,0.0055666,22.2109,YES
G3_circuit.mtx,build_spmv_parallel,2,0.0041315,29.926,0.00408233,30.2865,0.00433846,28.4984,YES
G3_circuit.mtx,build_spmv_parallel,4,0.00325798,37.9497,0.00326165,37.9071,0.0033956,36.4117,YES
G3_circuit.mtx,build_spmv_parallel,8,0.00372796,33.1654,0.00331008,37.3524,0.00398042,31.0619,YES
G3_circuit.mtx,build_spmv_parallel,12,0.00362934,34.0667,0.00328321,37.6581,0.00359857,34.3579,YES
G3_circuit.mtx,build_spmv_parallel,16,0.00327213,37.7857,0.0028716,43.056,0.00327626,37.738,YES
G3_circuit.mtx,build_spmv_parallel,20,0.0032403,38.1568,0.00272871,45.3105,0.00305153,40.5172,YES
G3_circuit.mtx,build_spmv_parallel,24,0.00318457,38.8246,0.00261333,47.311,0.0028402,43.532,YES
bcsstk14.mtx,build-noopt_spmv_parallel,1,0.000393249,2.02816,0.000371604,2.1463,0.000372364,2.14192,YES
bcsstk14.mtx,build-noopt_spmv_parallel,2,0.000227601,3.50425,0.000196146,4.06621,0.000203697,3.91549,YES
bcsstk14.mtx,build-noopt_spmv_parallel,4,0.000180957,4.40753,0.000106781,7.46921,0.000105665,7.54815,YES
bcsstk14.mtx,build-noopt_spmv_parallel,8,0.000102207,7.80347,8.01362e-05,9.9527,9.56528e-05,8.3382,YES
bcsstk14.mtx,build-noopt_spmv_parallel,12,9.54174e-05,8.35877,7.72477e-05,10.3249,0.000100668,7.9228,YES
bcsstk14.mtx,build-noopt_spmv_parallel,16,8.24969e-05,9.66791,6.74588e-05,11.8231,8.9858e-05,8.87592,YES
bcsstk14.mtx,build-noopt_spmv_parallel,20,8.64492e-05,9.2259,6.68865e-05,11.9243,8.83599e-05,9.0264,YES
bcsstk14.mtx,build-noopt_spmv_parallel,24,0.000118064,6.75542,0.000103524,7.70425,0.000105224,7.57978,YES
bcsstk18.mtx,build-noopt_spmv_parallel,1,0.000998056,2.03199,0.0010165,1.99512,0.00103881,1.95228,YES
bcsstk18.mtx,build-noopt_spmv_parallel,2,0.000636002,3.18874,0.000532127,3.8112,0.00057071,3.55354,YES
bcsstk18.mtx,build-noopt_spmv_parallel,4,0.000340342,5.95885,0.000282192,7.18674,0.000289651,7.00167,YES
bcsstk18.mtx,build-noopt_spmv_parallel,8,0.00026196,7.74179,0.000177744,11.4099,0.000245786,8.25125,YES
bcsstk18.mtx,build-noopt_spmv_parallel,12,0.000195455,10.376,0.000134317,15.099,0.000186428,10.8785,YES
bcsstk18.mtx,build-noopt_spmv_parallel,16,0.000162207,12.5028,0.000129933,15.6084,0.000149303,13.5835,YES
bcsstk18.mtx,build-noopt_spmv_parallel,20,0.000150176,13.5044,0.0001579,12.8438,0.000182226,11.1293,YES
bcsstk18.mtx,build-noopt_spmv_parallel,24,0.000220753,9.18694,0.000153297,13.2295,0.000210532,9.63297,YES
G3_circuit.mtx,build-noopt_spmv_parallel,1,0.0574898,2.15063,0.0580228,2.13088,0.0573822,2.15467,YES
G3_circuit.mtx,build-noopt_spmv_parallel,2,0.0310579,3.98093,0.029875,4.13856,0.0313061,3.94937,YES
G3_circuit.mtx,build-noopt_spmv_parallel,4,0.0168917,7.31952,0.0158815,7.78514,0.0176637,6.99964,YES
G3_circuit.mtx,build-noopt_spmv_parallel,8,0.0141775,8.72084,0.0114286,10.8184,0.014649,8.44012,YES
G3_circuit.mtx,build-noopt_spmv_parallel,12,0.0100435,12.3105,0.00846722,14.6021,0.00983631,12.5697,YES
G3_circuit.mtx,build-noopt_spmv_parallel,16,0.00849511,14.5542,0.00713743,17.3227,0.008244,14.9975,YES
G3_circuit.mtx,build-noopt_spmv_parallel,20,0.0106665,11.5914,0.0107818,11.4674,0.0126029,9.81039,YES
G3_circuit.mtx,build-noopt_spmv_parallel,24,0.0125398,9.85975,0.0107235,11.5298,0.0120235,10.2832,YES
